speed_change_pct,trips_change_pct,cbd_inside_change_pct,did_peak_estimate,did_cbd_estimate,speed_pvalue,cbd_pvalue,trips_pvalue
-0.68,-3.4,1.14,-0.04248725770249351,-0.7941182771385655,0.14658078937137858,0.00011985334728877222,0.00010027157970729815
